{
  "Version": 1,
  "ManifestType": "Publish",
  "Endpoints": [
    {
      "Route": "assets/index-CuSPTGuY.css",
      "AssetFile": "assets/index-CuSPTGuY.css",
      "Selectors": [],
      "ResponseHeaders": [
        {
          "Name": "Accept-Ranges",
          "Value": "bytes"
        },
        {
          "Name": "Cache-Control",
          "Value": "no-cache"
        },
        {
          "Name": "Content-Length",
          "Value": "1028"
        },
        {
          "Name": "Content-Type",
          "Value": "text/css"
        },
        {
          "Name": "ETag",
          "Value": "\"/f2btOld7dC1lH6kL3/qjyR8CXvReo6qb2ZydwwWIQo=\""
        },
        {
          "Name": "Last-Modified",
          "Value": "Sun, 16 Mar 2025 17:28:18 GMT"
        }
      ],
      "EndpointProperties": [
        {
          "Name": "integrity",
          "Value": "sha256-/f2btOld7dC1lH6kL3/qjyR8CXvReo6qb2ZydwwWIQo="
        }
      ]
    },
    {
      "Route": "assets/index-DGjBeawh.js",
      "AssetFile": "assets/index-DGjBeawh.js",
      "Selectors": [],
      "ResponseHeaders": [
        {
          "Name": "Accept-Ranges",
          "Value": "bytes"
        },
        {
          "Name": "Cache-Control",
          "Value": "no-cache"
        },
        {
          "Name": "Content-Length",
          "Value": "144251"
        },
        {
          "Name": "Content-Type",
          "Value": "text/javascript"
        },
        {
          "Name": "ETag",
          "Value": "\"gkRLzzxHvJjFISocEaMBEHS22h2ByTiBH35FxHLSxsg=\""
        },
        {
          "Name": "Last-Modified",
          "Value": "Sun, 16 Mar 2025 17:28:18 GMT"
        }
      ],
      "EndpointProperties": [
        {
          "Name": "integrity",
          "Value": "sha256-gkRLzzxHvJjFISocEaMBEHS22h2ByTiBH35FxHLSxsg="
        }
      ]
    },
    {
      "Route": "index.html",
      "AssetFile": "index.html",
      "Selectors": [],
      "ResponseHeaders": [
        {
          "Name": "Accept-Ranges",
          "Value": "bytes"
        },
        {
          "Name": "Cache-Control",
          "Value": "no-cache"
        },
        {
          "Name": "Content-Length",
          "Value": "464"
        },
        {
          "Name": "Content-Type",
          "Value": "text/html"
        },
        {
          "Name": "ETag",
          "Value": "\"dR74oYD2KtVIm/XMKqKxkQtG91iENIgL/qdbDfxO15M=\""
        },
        {
          "Name": "Last-Modified",
          "Value": "Sun, 16 Mar 2025 17:28:18 GMT"
        }
      ],
      "EndpointProperties": [
        {
          "Name": "integrity",
          "Value": "sha256-dR74oYD2KtVIm/XMKqKxkQtG91iENIgL/qdbDfxO15M="
        }
      ]
    },
    {
      "Route": "vite.svg",
      "AssetFile": "vite.svg",
      "Selectors": [],
      "ResponseHeaders": [
        {
          "Name": "Accept-Ranges",
          "Value": "bytes"
        },
        {
          "Name": "Cache-Control",
          "Value": "max-age=3600, must-revalidate"
        },
        {
          "Name": "Content-Length",
          "Value": "1497"
        },
        {
          "Name": "Content-Type",
          "Value": "image/svg+xml"
        },
        {
          "Name": "ETag",
          "Value": "\"SnSK/UQ5GLsWWRyDTEAdrjPoeGGrXbrQgRw6O0qSFPs=\""
        },
        {
          "Name": "Last-Modified",
          "Value": "Wed, 29 Jan 2025 20:04:10 GMT"
        }
      ],
      "EndpointProperties": [
        {
          "Name": "integrity",
          "Value": "sha256-SnSK/UQ5GLsWWRyDTEAdrjPoeGGrXbrQgRw6O0qSFPs="
        }
      ]
    }
  ]
}